id,copy_version,copy_sha256,strategy_selected,fact_review,asset_approval,approver,approved_at,footage,visual,route_test,publication_authority,published_url
LC-V4-D01,V4.0.0,75533fedfda499247ea4248fe8726a59bc6d642328e99ac99c86cc59a2171a28,2026-09-11 user implementation instruction,Pending,Pending,,,Not applicable,Not applicable,Not applicable,Not granted,
LC-V4-D02,V4.0.0,9fddb81883beba030fd442fcba03465366876a0c0a3809198696024bb7264c12,2026-09-11 user implementation instruction,Pending,Pending,,,Not applicable,Draft first batch,Not run,Not granted,
LC-V4-D03,V4.0.0,286051fd5a08b485e62385292aa208586787836b3db79bde1de86603c50f26e1,2026-09-11 user implementation instruction,Pending,Pending,,,Pending Sunil,Awaiting footage,Not applicable,Not granted,
LC-V4-D04,V4.0.0,46f4d11171cc31fb0f35ccf1eeff155047253881fcd25be326175e50fb5a54cc,2026-09-11 user implementation instruction,Pending,Pending,,,Not applicable,Draft first batch,Not applicable,Not granted,
LC-V4-D05,V4.0.0,08f3f2c55d44f40501bf9533aff83be62c409d9ffdb50d52fbac8826ccbcbcb3,2026-09-11 user implementation instruction,Pending,Pending,,,Not applicable,Draft first batch,Not applicable,Not granted,
LC-V4-D06,V4.0.0,988b2dd8d01d553e5f360db64f947a4dc83944927997f1dd76216e68f686256d,2026-09-11 user implementation instruction,Pending,Pending,,,Not applicable,Draft first batch,Not applicable,Not granted,
LC-V4-D07,V4.0.0,b81e78264e936c8d31df68eef876e47bde562f030c4f5e0fe1226af70013dc48,2026-09-11 user implementation instruction,Pending,Pending,,,Pending Sunil,Awaiting footage,Not run,Not granted,
LC-V4-D08,V4.0.0,3611e55574a2e4e743ee7f9250e3078f5f93a109da3cea857c51b2173325c706,2026-09-11 user implementation instruction,Pending,Pending,,,Not applicable,Draft first batch,Not run,Not granted,
LC-V4-D09,V4.0.0,37c1245ef9bf1fc654529eb4490cb4fa8050b39d509564ee7abf6bf05472b5cc,2026-09-11 user implementation instruction,Pending,Pending,,,Not applicable,Not applicable,Not applicable,Not granted,
LC-V4-D10,V4.0.0,5a68b78435838053f67818d33acbbbbb7f896b03e93a7af1603599b19378e9fa,2026-09-11 user implementation instruction,Pending,Pending,,,Not applicable,Copy only,Not run,Not granted,
LC-V4-D11,V4.0.0,65caa5b26607031c5038fcef0be0ae68f3593be7f10d5487394a4ee21e6de12b,2026-09-11 user implementation instruction,Pending,Pending,,,Not applicable,Copy only,Not applicable,Not granted,
LC-V4-D12,V4.0.0,4cd16858b080a3d1d8b380af1b7d0487d4d117e8fce51cafd8b3c2502a9d5884,2026-09-11 user implementation instruction,Pending,Pending,,,Not applicable,Copy only,Not run,Not granted,
LC-V4-D13,V4.0.0,199073cbb43c74ae68b905674354865e683f6d7fc7ec648a691c4af60298c00a,2026-09-11 user implementation instruction,Pending,Pending,,,Not applicable,Not applicable,Not applicable,Not granted,
LC-V4-D14,V4.0.0,f8d4bd82c846deb8f534680a41015318c96caea5b38c5f18f4dbce98e9aa5ddb,2026-09-11 user implementation instruction,Pending,Pending,,,Not applicable,Copy only,Not applicable,Not granted,
LC-V4-D15,V4.0.0,52f9f1c4f95bc20fb574e6aa76ff9a9170ef33dd700d47871a3d3601b89be19a,2026-09-11 user implementation instruction,Pending,Pending,,,Not applicable,Copy only,Not run,Not granted,
LC-V4-D16,V4.0.0,858a138c579652c8e36e6d1d7f578cbfad781b22a3ccaad76b0228ab1fb96e53,2026-09-11 user implementation instruction,Pending,Pending,,,Not applicable,Copy only,Not run,Not granted,
LC-V4-D17,V4.0.0,be1f2a419bb7ff9a5d81b9397c6cc8ef0f645b5753b912430800225617e2c5c9,2026-09-11 user implementation instruction,Pending,Pending,,,Not applicable,Not applicable,Not applicable,Not granted,
LC-V4-D18,V4.0.0,61bf04f9de313eea2b373b8e54b85c1af836f83c7eb35d9bfa8e9bf877348343,2026-09-11 user implementation instruction,Pending,Pending,,,Not applicable,Copy only,Not run,Not granted,
LC-V4-D19,V4.0.0,ee28b55e812b977083f05eab0c553838dcc32c1273e22d41703fcb4beb6c3adf,2026-09-11 user implementation instruction,Pending,Pending,,,Not applicable,Copy only,Not applicable,Not granted,
LC-V4-D20,V4.0.0,13fe0687e72b940bcdfec847034e9167623f4de272a70fa3d115ce3e6d19dc27,2026-09-11 user implementation instruction,Pending,Pending,,,Not applicable,Copy only,Not run,Not granted,
LC-V4-D21,V4.0.0,952e217ee5660b11076d780da1935cbc195bdd0bc940b9493774237a7bdb0fa9,2026-09-11 user implementation instruction,Pending,Pending,,,Pending Sunil,Awaiting footage,Not applicable,Not granted,
LC-V4-D22,V4.0.0,daa3e82ecc94f1d0403f6274657f30e3731dbfa3d3b1fc1eb1b74aee5fc33bd2,2026-09-11 user implementation instruction,Pending,Pending,,,Not applicable,Copy only,Not run,Not granted,
LC-V4-D23,V4.0.0,52b702e6ee36348a3b3c43b7d7748e19444f89285497b613fcdec94917d7d553,2026-09-11 user implementation instruction,Pending,Pending,,,Not applicable,Not applicable,Not run,Not granted,
LC-V4-D24,V4.0.0,09f5837f049dc851788de3111e1353678fc4e2c8d6f6ebec0519d32a0d746bd1,2026-09-11 user implementation instruction,Pending,Pending,,,Not applicable,Copy only,Not run,Not granted,
LC-V4-D25,V4.0.0,920c7e79af0b4127d5403c2c1ae27165a5cf86769172153f142dc9c04018e6c5,2026-09-11 user implementation instruction,Pending,Pending,,,Pending Sunil,Awaiting footage,Not applicable,Not granted,
LC-V4-D26,V4.0.0,9ff808a1468a135c0c5c41da9303d3447f74875020fb00cb8616b7433dd0481b,2026-09-11 user implementation instruction,Pending,Pending,,,Not applicable,Copy only,Not run,Not granted,
LC-V4-D27,V4.0.0,2c6002e6713e4a4d9136fdd26f928bfd5d0a13addf06a3fb68f5c08206a005d8,2026-09-11 user implementation instruction,Pending,Pending,,,Not applicable,Not applicable,Not applicable,Not granted,
LC-V4-D28,V4.0.0,6dde9c593c445ebfbd5015549dcdd5252a66e7fca1ce8c504ddcb5f3df398a8a,2026-09-11 user implementation instruction,Pending,Pending,,,Not applicable,Copy only,Not run,Not granted,
LC-V4-D29,V4.0.0,5b758f2defea9c7865d249c46cdbe280a0c480f94ef6b529e0b756a2f078d8ac,2026-09-11 user implementation instruction,Pending,Pending,,,Not applicable,Copy only,Not applicable,Not granted,
LC-V4-D30,V4.0.0,1885a63631aab13cd5cd0aff3c8e320833e397f31f3323d7c320ee2277e850c3,2026-09-11 user implementation instruction,Pending,Pending,,,Not applicable,Copy only,Not run,Not granted,
LC-V4-D31,V4.0.0,36d305f14afea7038d8226db93947e638e9a1a86e33403d8f288a9d26a1bbe34,2026-09-11 user implementation instruction,Pending,Pending,,,Pending Sunil,Awaiting footage,Not run,Not granted,
LC-V4-D32,V4.0.0,77a857f47b98e739b6e6bcd9ca490b370e0e6b09913ed797a2a7aa3e2d4618c5,2026-09-11 user implementation instruction,Pending,Pending,,,Not applicable,Copy only,Not run,Not granted,
